email,nama,nim,fakultas,role
aileensimamora@gmail.com,Kim su yeon,Saya belum mendapatkan NIM,Fakultas Ilmu Sosial dan Ilmu Politik (FISIP),user
tristanhasan@student.ub.ac.id,Muhammad Tristan Dzakwaan Khairii,265060207111011,Fakultas Teknik (FT),user
salimcomel45@student.ub.ac.id,Mochammad Zidny Reychan Kurniawan,235010107111134,Fakultas Hukum (FH),user
rakhatriamanta@student.ub.ac.id,Rakha Tri Amanta,245120207111006,Fakultas Ilmu Sosial dan Ilmu Politik (FISIP),user
thalitaesliter@student.ub.ac.id,Thalita Septriane Esliter,255120401111043,Fakultas Ilmu Sosial dan Ilmu Politik (FISIP),admin
ghaniyyah810@student.ub.ac.id,Tjut Ghaniyyah Humayra,265120207111077,Fakultas Ilmu Sosial dan Ilmu Politik (FISIP),user
nayakarammiro@student.ub.ac.id,NAYAKA RAMMIRO AMASACHIO SOERJA,265020907111029,Fakultas Ekonomi dan Bisnis (FEB),user
shifazahra@student.ub.ac.id,Aulianisa Shifa Azzahra,26110307111003,Fakultas Ilmu Budaya (FIB),user
queenaudrey@student.ub.ac.id,Queen Audrey Jevonny,245160100111027,Fakultas Kedokteran Gigi (FKG),user
msamirabbani03@student.ub.ac.id,Muhammad Sami Rabbani,265060707111077,Fakultas Teknik (FT),user
aisyahwijayaaa@student.ub.ac.id,Aisyah Wijaya,2551101011111029,Fakultas Ilmu Budaya (FIB),user
tiarazbilbina@student.ub.ac.id,Tiara Zain Bilbina,254140300111003,Fakultas Vokasi (FV),user
tsaabithapc@student.ub.ac.id,Tsaabitha Puti Calista,245060107111024,Fakultas Teknik (FT),admin
kaylairfanis@student.ub.ac.id,Kayla Irfani Syamil,265060707111095,Fakultas Teknik (FT),user
nadiyahnasywa@student.ub.ac.id,Nadiyah Nasywa Amirah,255091107111010,"Fakultas Sains, Teknologi, dan Matematika  (FSTeM)",admin
jayhanzhafira@student.ub.ac.id,Jayhan Zhafira Aribowo,265020207111107,Fakultas Ekonomi dan Bisnis (FEB),user
saputragerald08@student.ub.ac.id,Gerald Al Ghofari Saputra,265030207111052,Fakultas Ilmu Administrasi (FIA),user
fatirzum23@student.ub.ac.id,Muhammad Fathirzum,265030200111070,Fakultas Ilmu Administrasi (FIA),user
khalishahaina@student.ub.ac.id,Khalishah Resh Aina,265070108141046,Fakultas Kedokteran (FK),user
alielridho@student.ub.ac.id,MUHAMMAD ALI EL RIDHO,265050107111118,Fakultas Sains dan Teknologi Peternakan (FAST),user
zakimaulana@student.ub.ac.id,Muhammad Zaki Maulana,265060600111017,Fakultas Teknik (FT),user
abrarparisya21@student.ub.ac.id,Abrar Parisya Rasyad,265090807111032,"Fakultas Sains, Teknologi, dan Matematika  (FSTeM)",user
yehezkiel_1006@student.ub.ac.id,Yehezkiel Tambunan,245040307111027,Fakultas Bio-Industri Pertanian dan Kehutanan (FBiPK),user
calvinpessak@student.ub.ac.id,Calvin Kairos Pessak,265010101111013,Fakultas Hukum (FH),user
ghaffaarraafi@student.ub.ac.id,ghaffaar raafi al af ghani,265020407111086,Fakultas Ekonomi dan Bisnis (FEB),user
fadhilamuthiah@student.ub.ac.id,Fadhila Muthi'ah Ramadhani,245120601111028,Fakultas Ilmu Sosial dan Ilmu Politik (FISIP),user
ahnafzharrifpb@student.ub.ac.id,ahnaf zharrif putra bardadi,265010107111062,Fakultas Hukum (FH),user
aishakamilla22@student.ub.ac.id,Aisha Kamilla Putri,265120407111082,Fakultas Ilmu Sosial dan Ilmu Politik (FISIP),user
latifahzaqia1@student.ub.ac.id,Latifah Zaqia Azzahra,254140207111062,Fakultas Vokasi (FV),user
emiravid@student.ub.ac.id,emir navid dhiya rahman,265100300111045,Fakultas Teknologi Agroindustri dan Biosistem (FTAB),user
abrahamputro@student.ub.ac.id,Abraham Agung Pracoyo Putro,265010101111029,Fakultas Hukum (FH),user
salmanalfarisi4@student.ub.ac.id,Muhammad Salman Alfarisi,265040307111036,Fakultas Bio-Industri Pertanian dan Kehutanan (FBiPK),user
ahmaddenejad59@student.ub.ac.id,Ahmadenejad Budiman,265110400111022,Fakultas Ilmu Budaya (FIB),user
genahlw1347@student.ub.ac.id,Genah lantang wibawa,265040300111008,Fakultas Bio-Industri Pertanian dan Kehutanan (FBiPK),user
naufaldandy210@student.ub.ac.id,DANDY NAUFAL ATHA,265030107111175,Fakultas Ilmu Administrasi (FIA),user
lavinaallysa@student.ub.ac.id,Allysa Lavina Harista,265070107111033,Fakultas Kedokteran (FK),user
khizanaersa@student.ub.ac.id,Khizana ersa Aesyi,264140307111073,Fakultas Vokasi (FV),user
alexandriahanno@student.ub.ac.id,Alexandria Hanno Setiawan,265160101111031,Fakultas Kedokteran Gigi (FKG),user
rainthaf@student.ub.ac.id,Althaf Rainka Prabowo,265020307111057,Fakultas Ekonomi dan Bisnis (FEB),user
arradhiy2018@student.ub.ac.id,Muhammad Nakhlah Ar Radhiy,255150407111027,Fakultas Ilmu Komputer (FILKOM),user
izzaizzaizza0@student.ub.ac.id,Moch Imam G,265030200111022,Fakultas Ilmu Administrasi (FIA),user
esaulina28@student.ub.ac.id,Ezra saulina sihombing,245110107111085,Fakultas Ilmu Budaya (FIB),user
adielzabdianto@student.ub.ac.id,Adiel Uri Zabdianto,265020307111107,Fakultas Ekonomi dan Bisnis (FEB),user
boykarim@student.ub.ac.id,Muhammad Boy Karim,265090400111030,"Fakultas Sains, Teknologi, dan Matematika  (FSTeM)",user
arfaaryaardan@student.ub.ac.id,ARFA ARYA ARDAN,265090807111029,"Fakultas Sains, Teknologi, dan Matematika  (FSTeM)",user
jovanjethro@student.ub.ac.id,Jovan Jethro Abdheeviallo,265090807111042,"Fakultas Sains, Teknologi, dan Matematika  (FSTeM)",user
shaziaratukanza@student.ub.ac.id,shazia ratu kanza,265150707111040,Fakultas Ilmu Komputer (FILKOM),user
cheryllucia@student.ub.ac.id,Cheryl Lucia Sunandar,265030700111026,Fakultas Ilmu Administrasi (FIA),user
fadelarian@student.ub.ac.id,Fadel Arian Alfredo,255150407111024,Fakultas Ilmu Komputer (FILKOM),user
damaraureiza@student.ub.ac.id,Damar Aureiza Dhaviendra,265010107111307,Fakultas Hukum (FH),user
naylaazkiahemdi@student.ub.ac.id,Nayla Azkia Hemdi,265020901111005,Fakultas Ekonomi dan Bisnis (FEB),user
abdillahbahy@student.ub.ac.id,Abdillah Bahy Abdaat,265030107111116,Fakultas Ilmu Administrasi (FIA),user
harsyawb08@student.ub.ac.id,Harsya Arvin Wibowo,265150408141006,Fakultas Ilmu Komputer (FILKOM),user
bagusthoriqul03@student.ub.ac.id,Bagus Thoriqul A,265010107111297,Fakultas Hukum (FH),user
keyshanadia12@student.ub.ac.id,Keysha Nadia Ramadhani Latar,265170107111036,Fakultas Ilmu Kesehatan (FIKES),user
vitaalisya@student.ub.ac.id,Alisya Vita Permana,255170207111058,Fakultas Ilmu Kesehatan (FIKES),user
tabriizshidqii@student.ub.ac.id,Muhammad Tabriiz Shidqii Suprayogi,235020101111014,Fakultas Ekonomi dan Bisnis (FEB),user
sabrinahafsah@student.ub.ac.id,Sabrina Nurhafsah Boang Manalu,235110107111046,Fakultas Ilmu Budaya (FIB),user
labibahashilah@student.ub.ac.id,Labibah Ashilah Zulfa,263141507111018,Fakultas Vokasi (FV),user
ghaziadlan@student.ub.ac.id,Ghazi adlan arifin,265020407111031,Fakultas Ekonomi dan Bisnis (FEB),user
rantisibakar@student.ub.ac.id,muhammad azzam rantisi,265030207111046,Fakultas Ilmu Administrasi (FIA),user
farahinnaya@student.ub.ac.id,Navira Farah Innaya,265030200111059,Fakultas Ilmu Administrasi (FIA),user
irfanfikriadytm@student.ub.ac.id,Irfan Fikri Adyatma Sulaiman,255150207111019,Fakultas Ilmu Komputer (FILKOM),user
wldaafebvia@student.ub.ac.id,WILLDA FEBY OLIVIA,265090207111001,"Fakultas Sains, Teknologi, dan Matematika  (FSTeM)",user
chikairsandy@student.ub.ac.id,Chikamadea Amadita Irsandy,255030201111022,Fakultas Ilmu Administrasi (FIA),user
marshaalexandra@student.ub.ac.id,Marsha Alexandra,265070101111024,Fakultas Kedokteran (FK),user
kesavasidi@student.ub.ac.id,Kesavasidi Kalmalik Avianto,265020408141003,Fakultas Ekonomi dan Bisnis (FEB),user
derinyusuf652@student.ub.ac.id,Favian Darin Yusuf,245100607111029,Fakultas Teknologi Agroindustri dan Biosistem (FTAB),user
clararenata@student.ub.ac.id,Clara Renata Dharmawan,265010107111285,Fakultas Hukum (FH),user
maulanaaban245@student.ub.ac.id,Maulana Aban,265040207111255,Fakultas Bio-Industri Pertanian dan Kehutanan (FBiPK),user
humairadzakira@student.ub.ac.id,Humaira Dzakira,265010101111077,Fakultas Hukum (FH),user
hanifahzerlinda@student.ub.ac.id,Hanifah Zerlinda .S,265040101111008,Fakultas Bio-Industri Pertanian dan Kehutanan (FBiPK),user
adricouster82@student.ub.ac.id,Adri Couster Marsello,265010107111084,Fakultas Hukum (FH),user
cherylalinskie@student.ub.ac.id,Cheryl Aurelia Alinskie,265010101111078,Fakultas Hukum (FH),user
aryayudhistira@student.ub.ac.id,Arya Repati Yudhistira,265010107111058,Fakultas Hukum (FH),user
marchianda0703@student.ub.ac.id,Marchianda Jasmine Batari Maharani,265010101111047,Fakultas Hukum (FH),user
riffailyas25@student.ub.ac.id,Riffa Ilyas Rodhiohuan,265050207111033,Fakultas Sains dan Teknologi Peternakan (FAST),user
dionalesandro@student.ub.ac.id,Dion Alesandro Parlinggoman Tampubolon,265020300111081,Fakultas Ekonomi dan Bisnis (FEB),user
wildansubrata@student.ub.ac.id,wildan rizky subrata,265110800111010,Fakultas Ilmu Budaya (FIB),user
argamaulanan@student.ub.ac.id,Arga Maulana Nurcahya,265120507111070,Fakultas Ilmu Sosial dan Ilmu Politik (FISIP),user
rahmanbudi@student.ub.ac.id,RAHMAN BUDI SASONGKO,255020307111054,Fakultas Ekonomi dan Bisnis (FEB),user
seisilianabilaa@student.ub.ac.id,Seisilia Hasnabila Putri,265120307111074,Fakultas Ilmu Sosial dan Ilmu Politik (FISIP),user
dzakinugraha@student.ub.ac.id,Musthafa Dzaki Nugraha,255150301111036,Fakultas Ilmu Komputer (FILKOM),user
intanala@student.ub.ac.id,Intan Kumala,265080100111003,Fakultas Perikanan dan Ilmu Kelautan (FPIK),user
divanatalia@student.ub.ac.id,Diva Natalia Putri Mangatta,255040107111061,Fakultas Bio-Industri Pertanian dan Kehutanan (FBiPK),user
sayyidanafeeza@student.ub.ac.id,Sayyida Nafeeza Azza Syamila,265020207111005,Fakultas Ekonomi dan Bisnis (FEB),user
zalfahrezi735@student.ub.ac.id,ZAVIER AL FAHREZI KHANZA,265060400111003,Fakultas Teknik (FT),user
indranuralivia@student.ub.ac.id,Indra Nuralivia,265120500111015,Fakultas Ilmu Sosial dan Ilmu Politik (FISIP),user
nabeel@student.ub.ac.id,nabeel al zevi andrea pirlo,265120407111062,Fakultas Ilmu Sosial dan Ilmu Politik (FISIP),user
alfisyahrin05@student.ub.ac.id,Alfisyahrin Cahaya Lintang Firdaus,245110507111022,Fakultas Ilmu Sosial dan Ilmu Politik (FISIP),user
naurarafeyfa@student.ub.ac.id,Naura Rafeyfa Alya,265030200111066,Fakultas Ilmu Administrasi (FIA),user
amchifdi@student.ub.ac.id,Abdul Mukthi Chifdhi,256210400111008,Fakultas Ilmu Administrasi (FIA),user
kaylarachman@student.ub.ac.id,kayla zhafirah putri rachman,265090507111014,"Fakultas Sains, Teknologi, dan Matematika  (FSTeM)",user
naufaldi25@student.ub.ac.id,Naufaldi Alfaghani,245150707111034,Fakultas Ilmu Komputer (FILKOM),admin
chinta29@student.ub.ac.id,chinta retnahning kusuma,265120307111015,Fakultas Ilmu Sosial dan Ilmu Politik (FISIP),user
alifahputridewi@student.ub.ac.id,Alifah Putri Dewi,265030407111008,Fakultas Ilmu Administrasi (FIA),user
aurelintana@student.ub.ac.id,Aurel Intana Raihanunnisa,265030407111022,Fakultas Ilmu Administrasi (FIA),user
fikhar07@student.ub.ac.id,Fikhar Hendrisyahputra,255060207111058,Fakultas Teknik (FT),admin
naufalrafaram@student.ub.ac.id,Naufal Rafa Ramadhan,245020207111009,Fakultas Ekonomi dan Bisnis (FEB),admin
danisswarap@student.ub.ac.id,Daniswara Pradipta,245020207111083,Fakultas Ekonomi dan Bisnis (FEB),admin
theosimorangkir@student.ub.ac.id,Ralph Gregory Altheo S,255020200111002,Fakultas Ekonomi dan Bisnis (FEB),admin
beatriciavicuna@student.ub.ac.id,Beatricia Vicuna Situmorang,265060300111036,Fakultas Teknik (FT),user
calisareyma@student.ub.ac.id,Calisha raymakheisya putri nugraha,265020307111149,Fakultas Ekonomi dan Bisnis (FEB),user
sanchiaalin@student.ub.ac.id,Adia Sanchia Hialin Putri,265040300111006,Fakultas Bio-Industri Pertanian dan Kehutanan (FBiPK),user
clairineliya@student.ub.ac.id,Clairine Kamiliya Putri,265040207111193,Fakultas Bio-Industri Pertanian dan Kehutanan (FBiPK),user
rayhanlinggar08@student.ub.ac.id,Rayhan Linggar Nurhakiem,265080400111011,Fakultas Perikanan dan Ilmu Kelautan (FPIK),user
iqbalzahran55@student.ub.ac.id,Muhammad Iqbal Zahran Ramadhan,265100107111079,Fakultas Teknologi Agroindustri dan Biosistem (FTAB),user
syahzanrizqi@student.ub.ac.id,SYAHZAN Rizqi,235060501111049,Fakultas Teknik (FT),user
ahmaddzaki25208@student.ub.ac.id,Ahmad Dzaki,265020407111093,Fakultas Ekonomi dan Bisnis (FEB),user
alifsatria@student.ub.ac.id,Muhammad Alif Satria Adiza,245110107111076,Fakultas Ilmu Budaya (FIB),admin
patriciakbn@student.ub.ac.id,Patricia Ruth Eklesia Kaban,265091007111024,"Fakultas Sains, Teknologi, dan Matematika  (FSTeM)",user
talitazalfa@student.ub.ac.id,Talita Zalfa Ramadhani,265160107111003,Fakultas Kedokteran Gigi (FKG),user
bhayyy44@student.ub.ac.id,Bhayu Aji Wicaksono,235060707111004,Fakultas Teknik (FT),user
keishaanindya@student.ub.ac.id,Keisha Rahmah Anindya,265030807111038,Fakultas Ilmu Administrasi (FIA),user
mdhkakusuma@student.ub.ac.id,Muhammad Mahardhika Kusuma,265020208141013,Fakultas Ekonomi dan Bisnis (FEB),user
achdanmaulana@student.ub.ac.id,achdan maulana,235150207111054,Fakultas Ilmu Komputer (FILKOM),user
abidzar@student.ub.ac.id,Muhammad Abi Dzar Al Ghifari,245060107111032,Fakultas Teknik (FT),user
oliver.st.tropez@gmail.com,oliver alfi idrizi,205150700111027,Fakultas Ilmu Komputer (FILKOM),user
bebyraissa@student.ub.ac.id,Raissa Noorshicha Ridho Putri,265120408141009,Fakultas Ilmu Sosial dan Ilmu Politik (FISIP),user
anismalihah16@student.ub.ac.id,Anis Malihah,245110307111033,Fakultas Ilmu Budaya (FIB),user
azzahradineza@student.ub.ac.id,Azzahra Dineza Giviantari,245010100111098,FH,admin
nabilaregita@student.ub.ac.id,Nabila Regita Cahyani Az zahro,245130100111008,FKH,admin
ghaniakbar@student.ub.ac.id,Ghani Akbar Ariyadi Putra,245100907111055,FTP,admin
muhammadwahyu@student.ub.ac.id,Muhammad Wahyu Trisdiyanto,245060507111072,FT,admin
hanifamediana@student.ub.ac.id,Hanifa Mediana,255020207111093,FEB,admin
kafkaabyan@student.ub.ac.id,Kafka Abyan Faischa,245110307111013,FIB,admin
rafidwi@student.ub.ac.id,⁠Rafi Dwi Admaja,255070107111153,FK,admin
alisyasalsabila@student.ub.ac.id,Alisya Salsabila,245160107111008,FKG,admin
byrnepaddy@student.ub.ac.id,Byrne Paddy Azalea,245060507111069,FT,admin
jasminelawdzai@student.ub.ac.id,Jasmine Lawdzai Azizah K.,245020207111081,FEB,admin
ryviadwa@student.ub.ac.id,Ryvi Adwa Siswadi,255060207111019,FT,admin
rizkibintang@student.ub.ac.id,Rizki Bintang Ramadhania,255090407111015,FMIPA,admin
syahlaniareihana@student.ub.ac.id,⁠Syahlania Reihana,255010101111017,FH,admin
qoidkafi@student.ub.ac.id,Qoid Kafi,245150401111030,FILKOM,admin
larissadeianira@student.ub.ac.id,Larissa Deianira Estella,255150401111044,FILKOM,admin
mochsyachril@student.ub.ac.id,Moch Syachril Jovendrik A.,245080107111048,FPIK,admin
shereensurya@student.ub.ac.id,Shereen Surya Milova,255150601111014,FILKOM,admin
azzahraputri@student.ub.ac.id,Azzahra Putri Muhfida,255150407111065,FILKOM,admin
janechristine@student.ub.ac.id,Jane Christine Aron Sun Lie Ze,255100507111072,FTP,admin
naurashahada@student.ub.ac.id,Naura Shahada Regian,245030207111089,FIA,admin
rafiahmad@student.ub.ac.id,Rafi Ahmad Dzulfaqar,245150400111029,FILKOM,admin
nailaputri@student.ub.ac.id,Naila Putri Ramadhani,245060107111020,FT,admin
candravan@student.ub.ac.id,Candra Van Deo,245120207111116,FISIP,admin
anandagiovani@student.ub.ac.id,Ananda Giovani Anggasta,245010101111003,FH,admin
rizkaaulia@student.ub.ac.id,Rizka Aulia Nurwindya,245120207111040,FISIP,admin
firdasalha@student.ub.ac.id,Firda Salha,245110307111017,FIB,admin
